,name,rate,price
0,هندزفری بلوتوثی مدل  inpods 12,۳.۹,"۱۲۵,۰۰۰"
1,هندزفری بلوتوثی هایلو مدل GT6,۴.۲,"۵۷۹,۰۰۰"
2,هندزفری بلوتوثی مدل M10,۴,"۲۲۸,۶۵۰"
3,هندزفری بلوتوثی  مدل inpods 3,۳.۹,"۴۲۵,۰۰۰"
4,هندزفری بلوتوثی کیو سی وای مدل T17,۴.۳,"۴۶۹,۰۰۰"
5,هندزفری بلوتوثی اکسیژن مدل B3,۴.۱,"۱۹۷,۰۰۰"
6,هندزفری بلوتوثی لنوو مدل QE03,۴,"۱۴۵,۷۰۰"
7,هندزفری بلوتوثی کلومن پلاس مدل +K-TW2,-1,"۱,۴۵۰,۰۰۰"
8,هندزفری بلوتوثی شیائومی مدل FAR EARPHONE NECBAND BASIC TWS BT,۴.۵,"۱,۰۷۰,۰۰۰"
9,هندزفری بلوتوثی تسکو مدل TH 5332,۴.۳,"۹۲۷,۰۰۰"
10,هندزفری بلوتوثی انکر مدل Soundcore R100,۴.۲,"۱,۱۵۰,۰۰۰"
11,هندزفری بلوتوثی وان مور مدل ComfoBuds Pro ES901,۴.۱,"۱,۸۶۵,۷۴۰"
12,هندزفری بلوتوثی کیو سی وای مدل T13 new version,۴.۵,"۷۴۹,۰۰۰"
13,هندزفری بلوتوثی انکر مدلSoundcore R500,۴.۲,"۸۵۰,۰۰۰"
14,هندزفری بلوتوثی مدل EF i18 TWS,۴,"۱۵۹,۰۸۰"
15,هندزفری بلوتوثی کیو سی وای مدل HAL MELOBUDS T17 APTX GLOBAL,-1,"۵۸۰,۰۰۰"
16,هندزفری بلوتوثی کیو سی وای مدل SDE EARPHONE T13 GLOBAL POWER PALNT,۴.۴,"۷۲۲,۰۰۰"
17,هندزفری بلوتوثی مدل F9 With Speaker,۳,"۶۱۵,۰۰۰"
18,هندزفری بلوتوثی شیائومی مدل Earphone 2 Basic,۳.۹,"۸۳۰,۰۰۰"
19,هندزفری بلوتوثی مدل M19,۳.۹,"۲۵۵,۹۰۰"
20,هندزفری بلوتوثی کیو سی وای مدل SDE EARPHONE T13 GLOBAL POWER PALNT,۴.۴,"۷۲۲,۰۰۰"
21,هندزفری بلوتوثی مدل AirPods 2,۴.۵,"۵۱۹,۰۰۰"
22,هندزفری بلوتوثی مدل BTH-F9-5,۳.۹,"۲۱۴,۰۰۰"
23,هندزفری بلوتوثی کلومن پلاس مدل +K-TW1,۲,"۱,۲۴۹,۰۰۰"
24,هندزفری بلوتوثی مدل M19,۳.۹,"۲۵۵,۹۰۰"
25,هندزفری بلوتوثی لنوو مدل ZRE POP UP XT85 APTX 2022,۳.۸,"۵۹۰,۰۰۰"
26,هندزفری بلوتوثی اکسیژن مدل B2,۳.۶,"۱۸۸,۰۰۰"
27,هندزفری بلوتوثی تسکو مدل TH 5359 TWS,۳.۴,"۱,۱۳۸,۰۰۰"
28,هندزفری بلوتوثی کلومن پلاس مدل +K-TW3,۲.۵,"۱,۶۹۹,۰۰۰"
29,هندزفری بلوتوثی اونیکوما مدل T33,۴.۳,"۵۲۵,۰۰۰"
30,هندزفری بلوتوثی کلومن مدل KB-T255,۴.۷,"۳۹۸,۰۰۰"
31,هندزفری بلوتوثی کیو سی وای مدل HAL GLOBAL VERSION T13 HI-FI 2022,۴.۵,"۶۷۲,۰۰۰"
32,هندزفری بلوتوثی لنوو مدل QE03 Neckband Bluetooth Earphone,۳.۱,"۲۶۵,۰۰۰"
33,هندزفری بلوتوثی اکسیژن مدل E2,۳.۷,"۳۸۰,۰۰۰"
34,هندزفری بلوتوثی تسکو مدل TH 5393,۴.۲,"۲۰۹,۰۰۰"
35,هندزفری بلوتوثی ایکس-انرژی مدل X-03,۴.۴,"۱,۱۶۰,۰۰۰"
36,هندزفری بلوتوثی گوگل  مدل Pixel Buds A Series,۴.۲,"۴,۹۹۰,۰۰۰"
37,هندزفری بلوتوثی اکسیژن مدل E1,۴.۵,"۴۲۰,۰۰۰"
38,هندزفری بلوتوثی هایلو مدل HAM T15 HEADPHONENEW,-1,"۷۹۵,۰۰۰"
39,هندزفری بلوتوثی تسکو مدل TH 5390,۳.۳,"۴۶۰,۰۰۰"
40,هندزفری بلوتوثی تسکو مدل TH 5397,۴.۲,"۲۴۲,۰۰۰"
41,هندزفری بلوتوثی ساندپیتز مدل عینک آفتابی کد Frame S,-1,"۴,۲۰۰,۰۰۰"
42,هندزفری بلوتوثی اکسیژن مدل E3,۴.۴,"۵۷۰,۰۰۰"
43,هندزفری بلوتوثی مدل a120,۴.۲,"۹۵,۶۹۰"
44,هندزفری بلوتوثی لیتو مدل LB-011,۳.۹,"۴۶۰,۰۰۰"
45,هندزفری بلوتوثی مدل airpod pro,۴,"۳۳۰,۰۰۰"
46,هندزفری بلوتوثی تسکو مدل TH 5390,۳.۳,"۴۶۰,۰۰۰"
47,هندزفری بلوتوثی لیتو مدل LT-3,۳.۸,"۸۰۰,۰۰۰"
48,هندزفری بلوتوثی باسئوس مدل BoWie E8,۳.۸,"۱,۱۸۸,۰۰۰"
49,هندزفری بلوتوثی اوی مدل A888BL,۴.۳,"۵۸۹,۵۰۰"
50,هندزفری بلوتوثی مدل 158 ایرپاد پرو,۴,"۵۹۸,۰۰۰"
51,هندزفری بلوتوثی مدل (AirPods Pro (ANC,۳.۲,"۴۹۰,۰۰۰"
52,هندزفری بلوتوثی اکسین مدل B3,-1,"۴۲۰,۰۰۰"
53,هندزفری بلوتوثی لنوو مدل live pods LP6,۴,"۸۹۰,۰۰۰"
54,هندزفری بلوتوثی ریمکس مدل RX-S100,۲.۹,"۳۲۰,۰۰۰"
55,هندزفری بلوتوثی آنر مدل EARBUDS X3 LITE,۴.۵,"۱,۱۸۰,۰۰۰"
56,هندزفری بلوتوثی اوی مدل T29Pro TWS,۴.۵,"۸۹۰,۰۰۰"
57,هندزفری بلوتوثی لیتو مدل lb-11,۴.۲,"۱,۸۰۰,۰۰۰"
58,هندزفری بلوتوثی لیتو مدل LB-013,۴.۱,"۴۳۰,۰۰۰"
59,هندزفری بلوتوثی لیتو مدل LB-07,۵,"۸۵۰,۰۰۰"
60,هندزفری بلوتوثی مدل (AirPods Pro (ANC,۳.۲,"۴۹۰,۰۰۰"
61,هندزفری بلوتوثی لنوو مدل LP11,۳.۷,"۳۶۰,۰۰۰"
62,هندزفری بلوتوثی ریمکس مدل RX-S100,۲.۹,"۳۲۰,۰۰۰"
63,هندزفری بلوتوثی هوآوی مدل AK Freebuds 4i In-Ear True Wireless Earbuds,۵,"۳,۳۵۰,۰۰۰"
64,هندزفری بلوتوثی باسئوس مدل ENCOK-W04,۳.۹,"۶۴۵,۷۶۰"
65,هندزفری بلوتوثی لیتو مدل lb-11,۴.۲,"۱,۸۰۰,۰۰۰"
66,هندزفری بلوتوثی لیتو مدل LB-012,۵,"۶۰۰,۰۰۰"
67,هندزفری بلوتوثی لیتو مدل LT-5,۵,"۱,۲۹۷,۴۰۰"
68,هندزفری بلوتوثی لنوو مدل thinkplus Liveods LP40,۳,"۵۴۸,۰۰۰"
69,هندزفری بلوتوثی جووی مدل H112,۴.۶,"۱,۳۹۰,۰۰۰"
70,هندزفری بلوتوثی لنوو مدل LP2,,"۴۹۵,۰۰۰"
71,هندزفری بلوتوثی مدل airpod pro کد A2084,۳.۵,"۴۹۰,۰۰۰"
72,هندزفری بلوتوثی باسئوس مدل Bowie EX,۵,"۲,۶۸۹,۰۰۰"
73,هندزفری بلوتوثی مدل MS7,۳.۵,"۷۳,۰۴۰"
74,هندزفری بلوتوثی آکی مدل EP-T25,۳.۵,"۷۹۵,۰۰۰"
75,هندزفری بلوتوثی شیائومی مدل ZOH REDUCTION BUDS3 LITE ENC,-1,"۱,۲۲۱,۷۲۰"
76,هندزفری بلوتوثی سونی مدل WI-C200/2021,۴.۲,"۸۷۰,۰۰۰"
77,هندزفری بلوتوثی لنوو مدل HE06,۴,"۳۷۷,۰۰۰"
78,هندزفری بلوتوثی مدل i100,۳.۱,"۲۱۵,۰۰۰"
79,هندزفری بلوتوثی مدل sports,۳.۴,"۵۵,۲۰۰"
80,هندزفری بلوتوثی لنوو مدل thinkplus Liveods LP40,۳,"۵۴۸,۰۰۰"
81,هندزفری بلوتوثی باسئوس مدل MOB E2 TWS Wireless Earphone Bluetooth 5.0,۳,"۹۸۹,۶۰۰"
82,هندزفری بلوتوثی شیائومی مدل ZOH REDUCTION BUDS3 LITE ENC,-1,"۱,۲۲۱,۷۲۰"
83,هندزفری بلوتوثی مدل i100,۳.۱,"۲۱۵,۰۰۰"
84,هندزفری بلوتوثی فیلیپس مدل TAT1215,۵,"۲,۳۷۵,۰۰۰"
85,هندزفری بلوتوثی هوکو مدل E54,۳.۳,"۲۸۸,۰۰۰"
86,هندزفری بلوتوثی مدل Air-E7s TWS,-1,"۲۷۰,۰۰۰"
87,هندزفری بلوتوثی اوی مدل T50,-1,"۹۸۵,۰۰۰"
88,هندزفری بلوتوثی مدل MS7,۳.۵,"۷۳,۰۴۰"
89,هندزفری بلوتوثی آکی مدل EP-T25,۳.۵,"۷۹۵,۰۰۰"
90,هندزفری بلوتوثی باسئوس مدل SEP W3 Encok TWS True Wireless Bluetooth Earbuds Sound Control Waterproof Sports Noise Reduction Earphone,-1,"۷۱۰,۱۲۰"
91,هندزفری بلوتوثی لنوو مدل Lecoo ES204,۳.۷,"۱۵۰,۰۰۰"
92,هندزفری بلوتوثی مدل TWS BTH-241,۵,"۹۶۰,۰۰۰"
93,هندزفری بلوتوثی تسکو مدل TH 5396,۴.۱,"۲۲۷,۰۰۰"
94,هندزفری بلوتوثی لنوو مدل EHS HE05X NEW SI,۲,"۲۴۸,۰۰۰"
95,هندزفری بلوتوثی اوی مدل TWS-AW T29,۳,"۹۷۰,۰۰۰"
96,هندزفری بلوتوثی وریتی مدل V-NE80BT,۴,"۲۹۴,۵۰۰"
97,هندزفری بلوتوثی اوی مدل t-28,۴.۷,"۶۸۰,۰۰۰"
98,هندزفری بلوتوثی باسئوس مدل SIMU S1 Pro,۴.۳,"۱,۵۳۴,۰۰۰"
99,هندزفری بلوتوثی مدل Airpods pro ANC,۳,"۵۹۷,۸۷۰"
100,هندزفری بلوتوثی باسئوس مدل EFM WM01 PLS OQ,۴,"۶۷۵,۰۰۰"
101,هندزفری بلوتوثی لنوو مدل EHS HE05X NEW SI,۲,"۲۴۸,۰۰۰"
102,هندزفری بلوتوثی اوی مدل TWS-AW T29,۳,"۹۷۰,۰۰۰"
103,هندزفری بلوتوثی لنوو مدل HT18,۳.۴,"۴۰۷,۰۰۰"
104,هندزفری بلوتوثی مارشال مدل Minor III,-1,"۴,۹۵۰,۰۰۰"
105,هندزفری بلوتوثی مدل SH LEVEL U PRO,۳,"۳۵۵,۰۰۰"
106,هندزفری بلوتوثی لیتو مدل LB-20,-1,"۷۷۱,۶۸۰"
107,هندزفری بلوتوثی اوی مدل t-28,۴.۷,"۶۸۰,۰۰۰"
108,هندزفری بلوتوثی لنوو مدل MMD TG01,۲,"۲,۳۸۵,۰۰۰"
109,هندزفری بلوتوثی لیتو مدل LB-12,-1,"۱,۸۰۰,۰۰۰"
110,هندزفری بلوتوثی بلکین مدل AUC005btWH SoundForm Play,-1,"۱,۹۵۰,۰۰۰"
111,هندزفری بلوتوثی مدل MARY LEVEL U PRO ACTIVE,۳.۶,"۳۱۹,۰۰۰"
112,None,-1,"۴۰۰,۰۰۰"
113,هندزفری بلوتوثی الدینیو مدل MBT01,۳.۸,"۲۸۰,۰۰۰"
114,هندزفری بلوتوثی لنوو مدل FAT LP11 QAZ,۵,"۶۲۰,۰۰۰"
115,هندزفری بلوتوثی مدل s6,-1,"۶۹,۰۰۰"
116,هندزفری بلوتوثی تسکو مدل TH 5398,۳.۶,"۲۴۳,۰۰۰"
117,هندزفری بلوتوثی مدل S109,۳.۵,"۱۱۹,۵۰۰"
118,هندزفری بلوتوثی لیتو مدل LB-18,-1,"۸۰۰,۰۰۰"
119,None,۵,"۷۰۰,۰۰۰"
120,هندزفری بلوتوثی اوی مدل T58 TWS,-1,"۹۸۰,۰۰۰"
121,هندزفری بلوتوثی ایکس-انرژی مدل X-05,۵,-1
122,هندزفری بلوتوثی ریمکس مدل RB-T39,۴.۴,"۵۶۹,۰۰۰"
123,None,۵,"۵۵۵,۰۰۰"
124,None,۳.۵,"۲,۱۰۰,۰۰۰"
125,هندزفری بلوتوثی لیتو مدل LB-18,-1,"۸۰۰,۰۰۰"
126,هندزفری بلوتوثی پایونیر مدل SE-CL5BT,-1,"۶۶۵,۰۰۰"
127,هندزفری بلوتوثی مدل KS06 TWS 5.1,-1,"۴۸۰,۰۰۰"
128,هندزفری بلوتوثی مدل Sports,۳.۲,"۷۰,۰۰۰"
129,None,۱.۸,"۲,۷۴۹,۸۷۰"
130,None,۱,"۱۲۵,۰۰۰"
131,None,۵,-1
132,هندزفری بلوتوثی مدل G9s,۴,-1
133,هندزفری بلوتوثی ورنا مدل S7-tws,۳.۷,-1
134,هندزفری بلوتوثی باسئوس مدل SAE Baseus Simu S1 Active Noise Cancelling TWS In-Ear Bluetooth Earphones (NGS1-01),-1,"۱,۵۴۴,۵۰۰"
135,هندزفری بلوتوثی مدل X15,۴.۳,"۸۰۰,۰۰۰"
136,هندزفری بلوتوثی وریتی مدل V-NE78BT,-1,"۲۸۹,۰۰۰"
137,هندزفری بلوتوثی مدل airpod pro,۳.۲,"۴۳۰,۰۰۰"
138,هندزفری بلوتوثی باسئوس مدل SIMU S1 new,۵,"۱,۳۴۰,۰۰۰"
139,هندزفری بلوتوثی کیو سی وای مدل T9,۴.۱,"۶۹۵,۰۰۰"
140,هندزفری بلوتوثی اوی کد T58,-1,"۸۷۰,۰۰۰"
141,هندزفری بلوتوثی مودیو مدل ME8,۵,"۶۵۸,۰۰۰"
142,هندزفری بلوتوثی یوسمز مدل US-YA001,۲.۴,"۲۴۹,۰۰۰"
143,هندزفری بلوتوثی مدل G9s,۴,"۴۱۵,۷۰۰"
144,هندزفری بلوتوثی باسئوس مدل Encok W06,۴.۱,"۲,۲۹۱,۷۰۰"
145,هندزفری بلوتوثی او ام تینگ مدل SER Bass llation 20H,-1,"۱,۱۹۹,۵۷۰"
146,None,۴.۱,"۹۰۰,۰۰۰"
147,None,۴,"۶۷۷,۰۰۰"
148,None,۴.۳,"۸۰۰,۰۰۰"
149,None,۵,-1
150,هندزفری بلوتوثی کیو سی وای مدل T9,۴.۱,"۶۹۵,۰۰۰"
151,هندزفری بلوتوثی باسئوس مدل S17P,۲.۳,"۵۹۹,۰۰۰"
152,هندزفری بلوتوثی ریمکس مدل RX-S110,-1,"۴۸۰,۰۰۰"
153,هندزفری بلوتوثی لنوو مدل EMD HAEDPHONE LP6 TURE,-1,"۱,۴۰۰,۰۰۰"
154,هندزفری بلوتوثی آرسون مدل AN-727,۴.۸,"۳۷۵,۰۰۰"
155,هندزفری بلوتوثی نیلکین مدل CandyBox C2,۲.۵,"۹۹۹,۰۰۰"
156,هندزفری بلوتوثی مدل A-13,-1,"۸۲۰,۰۰۰"
157,هندزفری بلوتوثی ریمکس مدل TWS7,-1,"۹۵۰,۰۰۰"
158,هندزفری بلوتوثی مدل Mini Tws 5.0 کد XG-12,۱,"۴۸۷,۵۰۰"
159,هندزفری بلوتوثی اوی مدل JP-AB T29,۳,"۱,۴۰۰,۰۰۰"
160,هندزفری بلوتوثی مدل AK REDMI AIR DOTS 2,۲.۹,"۳۵۰,۰۰۰"
161,هندزفری بلوتوثی لنوو مدل EHS LP11 MNM,۱,"۴۷۳,۰۰۰"
162,هندزفری بلوتوثی لنوو مدل  LP6,-1,"۱,۶۰۰,۰۰۰"
163,هندزفری بلوتوثی یوسمز مدل LY06,۴,"۷۵۶,۰۰۰"
164,هندزفری بلوتوثی باسئوس مدل ZRF 2022 STORM 3 TWS,-1,"۳,۶۵۰,۰۰۰"
165,هندزفری بلوتوثی باسئوس مدل SIMU S1 PRO new version,-1,"۱,۷۵۰,۰۰۰"
166,هندزفری بلوتوثی مدل QT82,۳.۸,"۳۸۹,۰۰۰"
167,هندزفری بلوتوثی لنوو مدل JP-AB TG01,۲,"۲,۲۵۰,۰۰۰"
168,هندزفری بلوتوثی مدل Airpods pro,۵,"۴۶۹,۰۰۰"
169,هندزفری بلوتوثی اوی مدل MARY T29,۵,"۱,۱۵۰,۰۰۰"
170,هندزفری بلوتوثی لنوو مدل H-201 2021,۴.۱,"۳۸۰,۰۰۰"
171,هندزفری بلوتوثی یسیدو مدل YSP02,-1,"۹۷۷,۰۰۰"
172,هندزفری بلوتوثی مک دودو مدل HP-802 S1,-1,"۷۳۰,۰۰۰"
173,هندزفری بلوتوثی اوی مدل T12,-1,"۸۸۰,۰۰۰"
174,هندزفری بلوتوثی مدل JBL DUET Mini,-1,"۱۹۰,۰۰۰"
175,هندزفری بلوتوثی لنوو مدل MMD H203,۲.۵,"۴۹۰,۰۰۰"
176,هندزفری بلوتوثی بیبوشی مدل R04,-1,"۲۵۰,۰۰۰"
177,هندزفری بلوتوثی آیتل مدل Neckband N53,۵,"۵۴۰,۰۰۰"
178,هندزفری بلوتوثی باسئوس مدل ELH SIMU ANC S2,۴,"۲,۱۴۰,۰۰۰"
179,هندزفری بلوتوثی یس پلاس مدل SEP 2022 BT TWS-01 NERL,-1,"۹۹۹,۰۰۰"
180,هندزفری بلوتوثی یسیدو مدل YSP02,-1,"۹۷۷,۰۰۰"
181,هندزفری بلوتوثی آیتل مدل Neckband N53,۵,"۵۴۰,۰۰۰"
182,هندزفری بلوتوثی باسئوس مدل HSE BUDS BOWIE E9 HEADPHONE 2022,-1,"۲,۱۲۰,۰۰۰"
183,هندزفری بلوتوثی لنوو مدل MMD H203,۲.۵,"۴۹۰,۰۰۰"
184,هندزفری بلوتوثی بروفون مدل BW09,-1,"۱,۲۵۰,۰۰۰"
185,هندزفری بلوتوثی یس پلاس مدل SEP 2022 BT TWS-01 NERL,-1,"۹۹۹,۰۰۰"
186,هندزفری بلوتوثی بیبوشی مدل R04,-1,"۲۵۰,۰۰۰"
187,هندزفری بلوتوثی کونیکوی مدل kw70,۳.۶,"۲۹۵,۰۰۰"
188,هندزفری بلوتوثی اوی مدل SH T29,-1,"۱,۱۸۰,۰۰۰"
189,هندزفری بلوتوثی اوی مدل FAT T28P QAZ,۴,"۷۷۷,۰۰۰"
190,هندزفری بلوتوثی للیسو مدل LS-17A,۳.۶,"۹۵۶,۰۰۰"
191,هندزفری بلوتوثی لنوو مدل HSA WIRLEES LP60 THINKPLUSE NEW 2022,-1,"۱,۶۹۲,۸۰۰"
192,هندزفری بلوتوثی لنوو مدل H202,۳.۶,"۴۶۸,۰۰۰"
193,هندزفری بلوتوثی مدل SPORT WIRELESS V5.0,-1,"۳۷۷,۰۰۰"
194,هندزفری بلوتوثی مدل Pro s,-1,"۴۷۰,۰۰۰"
195,هندزفری بلوتوثی شیائومی مدل SEP EARPHONE NECKBAND BASIC,-1,"۱,۳۳۵,۰۰۰"
196,هندزفری بلوتوثی لنوو مدل HAM LP11 BT5.0,۲.۵,"۸۲۰,۰۰۰"
197,هندزفری بلوتوثی مدل Airdots A30S Tws,۲.۲,"۵۶۸,۰۰۰"
198,هندزفری بلوتوثی وان مور مدل ZRE EARPHONE STORM 1 EDITION,-1,"۳,۱۰۰,۰۰۰"
199,هندزفری بلوتوثی مدل Air Buds Pro,۳.۲,"۶۵۰,۰۰۰"
200,هندزفری بلوتوثی لنوو مدل MARY LP11 GD 2021,۳,"۹۰۰,۰۰۰"
201,هندزفری بلوتوثی ارلدام مدل EHS 49 BH 21,-1,"۱,۴۰۰,۰۰۰"
202,هندزفری بلوتوثی یسیدو مدل YSP06,۱.۵,"۴۸۴,۱۰۰"
203,هندزفری بلوتوثی مدل C330TWS,۱,"۱,۶۰۰,۰۰۰"
204,هندزفری بلوتوثی لنوو مدل EFM TG01,۵,"۲,۱۶۵,۰۰۰"
205,هندزفری بلوتوثی مدل SPORT WIRELESS V5.0,-1,"۳۷۷,۰۰۰"
206,هندزفری بلوتوثی ریل فیت مدل Gopods E5-RT02,۵,"۱,۸۰۰,۰۰۰"
207,هندزفری بلوتوثی لنوو مدل HAM LP11 BT5.0,۲.۵,"۸۲۰,۰۰۰"
208,هندزفری بلوتوثی لنوو مدل MEH LP11 2022,۱,"۶۱۰,۰۰۰"
209,هندزفری بلوتوثی باسئوس مدل ZRF PERSONIFI SIMU S2 2022,-1,"۲,۵۹۰,۰۰۰"
210,هندزفری بلوتوثی اوی مدل EF T29,-1,"۱,۳۵۰,۰۰۰"
211,هندزفری بلوتوثی باسئوس مدل EFM S2 MJU,-1,"۲,۰۷۰,۰۰۰"
212,هدست مخصوص بازی بلوتوثی شیائومی مدل NIB HANDSFREE BUDS 3 LITE 2022,-1,"۱,۲۹۰,۰۰۰"
213,هندزفری بلوتوثی کازا مدل A12,-1,"۲۳۰,۰۰۰"
214,هندزفری بلوتوثی مدل MEH REDMI AIR DOTS 2,۳.۷,"۲۸۰,۰۰۰"
215,هندزفری بلوتوثی لنوو مدل EHS HE08 NW MO 2021,۳.۷,"۶۴۹,۰۰۰"
216,هندزفری بلوتوثی باسئوس مدل RES NEW BUDS SIMU S1 PRO ANC ACTIVE,-1,"۲,۱۰۰,۰۰۰"
217,هندزفری بلوتوثی مدل TWS _ X11S,-1,"۸۵۰,۰۰۰"
218,هندزفری بلوتوثی مدل TG02,۱,"۷۳۰,۰۰۰"
219,هندزفری بلوتوثی لنوو مدل MEH H203,۴,"۷۷۰,۰۰۰"
220,هندزفری بلوتوثی باسئوس مدل Bowie U2 Pro,-1,"۲,۶۴۷,۰۰۰"
221,هندزفری بلوتوثی لنوو مدل HSE LP60 2022,-1,"۱,۹۰۰,۰۰۰"
222,هندزفری بلوتوثی مدل airpod 3,۲.۷,"۳۵۰,۰۰۰"
223,هندزفری بلوتوثی مدل TG02,۱,"۷۳۰,۰۰۰"
224,هندزفری بلوتوثی مدل air pod pro,۳.۸,"۷۲۰,۰۰۰"
225,هندزفری بلوتوثی لنوو مدل MEH H203,۴,"۷۷۰,۰۰۰"
226,هندزفری بلوتوثی سلبریت مدل A19 NEW,۲.۵,"۴۷۲,۰۰۰"
227,هندزفری بلوتوثی یوسمز مدل YY001,-1,"۵۴۹,۰۰۰"
228,هندزفری بلوتوثی ریلفیت مدل Dizo GoPods E3 RT01,-1,"۱,۱۸۰,۰۰۰"
229,هندزفری بلوتوثی ریمکس مدل tw-s46,۳,"۱,۳۵۰,۰۰۰"
230,هندزفری بلوتوثی جووی مدل MEH H106 WQ 2021,-1,"۱,۲۵۱,۳۹۰"
231,هندزفری بلوتوثی مدل A7pro,-1,"۲۴۹,۰۰۰"
232,هندزفری بلوتوثی مدل GX8 HighCopy,۴,"۷۴۸,۰۰۰"
233,هندزفری بلوتوثی جووی مدل SHO 106H ZZ 0,-1,"۲,۱۵۰,۰۰۰"
234,هندزفری بلوتوثی کنیاکو مدل KW-70,۳.۷,"۲۹۰,۰۰۰"
235,هندزفری بلوتوثی مدل AirDots 3 Light,۲.۶,"۴۸۵,۰۰۰"
236,هندزفری بلوتوثی اوبرانو مدل Obranu OTW-09,-1,"۸۰۰,۰۰۰"
237,هندزفری بلوتوثی یسیدو مدل YSP09,۱,"۶۸۵,۰۰۰"
238,هندزفری بلوتوثی اوی مدل SPORTS EARBUDS T1 PRO,-1,"۹۹۰,۰۰۰"
239,هندزفری بلوتوثی مدل SH AIR DOTS 2,۳,"۳۲۰,۰۰۰"
240,هندزفری بلوتوثی مدل SH AIR DOTS 2,۳,"۳۲۰,۰۰۰"
241,هندزفری بلوتوثی باسئوس مدل KMP NEW ANC SIMU S1 PRO,-1,"۱,۹۵۰,۰۰۰"
242,هندزفری بلوتوثی مدل VG10,-1,"۶۷۰,۰۰۰"
243,هندزفری بلوتوثی باسئوس مدل Bowie U2,-1,"۱,۹۹۷,۰۰۰"
244,هندزفری بلوتوثی اوبرانو مدل Obranu Earbuds Pro OTW-P1,-1,"۱,۱۳۰,۰۰۰"
245,هندزفری بلوتوثی مدل BDR t18,-1,"۵۵۹,۰۰۰"
246,هندزفری مخصوص بازی بلوتوثی فنتک مدل TX-1 MITHRIL,-1,"۱,۴۷۵,۰۰۰"
247,هندزفری بلوتوثی اوبرانو مدل Obranu Earbuds 3 OTW-03,-1,"۹۱۰,۰۰۰"
248,هندزفری بلوتوثی مدل Mini,-1,"۱۲۹,۰۰۰"
249,هدفون مخصوص بازی بلوتوثی لنوو مدل REN HANDSFREE LP6 TRUE WIRLESS,-1,"۱,۹۲۲,۴۰۰"
250,هدفون بلوتوثی باسئوس مدل THI HANDSFREE BOWIE E9 GLOBAL HI-FI,-1,"۲,۱۲۰,۰۰۰"
251,هدفون بلوتوثی لنوو مدل NSH HANDSFREE HT18 CONDUCTION GLOBAL,-1,"۱,۴۲۱,۳۳۰"
252,هدست بلوتوثی لنوو مدل DAS HANDSFREE XT85 TRUE WIRLESS 2022,-1,"۱,۴۰۰,۰۰۰"
253,هندزفری بلوتوثی ساندکور مدل r100,-1,"۱,۴۰۰,۰۰۰"
254,هندزفری بلوتوثی مانستر مدل Airmars XKT01,-1,"۸۴۰,۰۰۰"
255,هندزفری بلوتوثی مانستر مدل Airmars XKT02,-1,"۷۹۰,۰۰۰"
256,هندزفری بلوتوثی مخصوص بازی مانستر مدل Enc Airmars XKT08,-1,"۱,۱۲۰,۰۰۰"
257,هندزفری بلوتوثی ارلدام مدل TWS1,-1,"۶۷۰,۰۰۰"
258,هندزفری بلوتوثی لیتو مدل LB-9,-1,"۱,۵۶۰,۰۰۰"
259,هندزفری بلوتوثی اوی مدل EHS T26 MNM,۴.۳,"۶۱۰,۰۰۰"
260,هندزفری بلوتوثی جووی مدل EFM H96 KLK NEW,-1,"۲,۴۰۰,۰۰۰"
261,هندزفری بلوتوثی اوی مدل AH T29,۵,"۱,۶۸۰,۰۰۰"
262,هندزفری بلوتوثی جووی مدل FAT H96 QAZ,-1,"۲,۴۰۰,۰۰۰"
263,نگهدارنده دور گوشی مدل مادیتا مناسب برای هندزفری بلوتوثی,۳.۵,"۹,۰۰۰"
264,هدفون بلوتوثی سامسونگ مدل Galaxy Buds2 Pro,۴.۲,"۵,۶۷۰,۰۰۰"
265,هدفون بلوتوثی کیو سی وای مدل T13 TWS,۴.۳,"۶۲۸,۰۰۰"
266,هدفون بلوتوثی مدل P39 2021,۳.۸,"۲۰۴,۰۰۰"
267,هدفون بلوتوثی کیو سی وای مدل EHM T13 DFUO 2022NEW,۴.۴,"۷۲۷,۹۷۰"
268,هدفون بلوتوثی مدل Airpods pro,۳.۷,"۴۰۷,۰۰۰"
269,هدفون بلوتوثی انکر مدل SoundCore Life U2 A3212,۴.۳,"۱,۴۷۰,۰۰۰"
270,هدفون مخصوص بازی بلوتوثی شیائومی مدل Xiaodu Du Smart Buds XD-SWA14-2101,۴.۲,"۶۵۰,۰۰۰"
271,هدفون بلوتوثی هایلو مدل X1 Neo,۴.۱,"۶۷۸,۱۷۰"
272,هدفون مخصوص بازی بلوتوثی هایلو مدل G3,۴.۴,"۱,۴۶۹,۰۰۰"
273,هدفون بلوتوثی مدل Sunglasses,۴.۳,"۹۷۹,۴۰۰"
274,هدفون بلوتوثی کیو سی وای مدل HSA EDITION T13 EARHOOK BUDS,۴.۷,"۶۸۷,۰۰۰"
275,هدست بلوتوثی تسکو مدل TH 5370,۴.۲,"۱,۲۹۰,۰۰۰"
276,هدفون بلوتوثی شیائومی مدل  Mi True Wireless Earphones 2 Basic,۳.۲,"۶۰۹,۰۰۰"
277,هدفون بلوتوثی تسکو مدل TH 5384,۴,"۲۹۵,۰۰۰"
278,هدست مخصوص بازی بلوتوثی مدل M28,۳.۹,"۴۵۷,۰۰۰"
279,هدست بلوتوثی مدل اینپادز 3 inPods,۳.۷,"۴۲۵,۰۰۰"
280,هدفون بلوتوثی لنوو مدل Livepods LP2,۳.۶,"۴۹۵,۰۰۰"
281,هدفون بلوتوثی نوکیا مدل E3110,۳.۹,"۵۹۹,۰۰۰"
282,هدست بلوتوثی انکر مدل SoundCore Life Q30,۴.۳,"۳,۷۰۰,۰۰۰"
283,هدفون بلوتوثی سامسونگ مدل JP-AB LEVEL U PRO,۲.۹,"۳۳۰,۰۰۰"
284,هدست بلوتوثی مدل BTH-F9-5,۴.۳,"۲۶۸,۰۵۰"
285,هدفون بلوتوثی باسئوس مدل Encok D02 Pro,۴.۲,"۸۵۸,۰۰۰"
286,هدفون بلوتوثی جی بی ال مدل Free 2,۱,"۱,۹۵۰,۰۰۰"
287,هدفون بلوتوثی اکسیژن مدل W9,۵,"۷۲۰,۰۰۰"
288,هدفون بی سیم بلوتوثی انکر مدل A3213 U2i,۴.۵,"۹۲۵,۰۰۰"
289,هدفون بلوتوثی تسکو مدل TH 5382,۳.۹,"۳۶۹,۰۰۰"
290,هدفون بلوتوثی مدل Airpods Max P9 new,۳.۴,"۲۹۰,۰۰۰"
291,هدفون بلوتوثی کیو سی وای مدل T12,۳.۸,"۵۲۰,۰۰۰"
292,هدفون بلوتوثی فیلیپس مدل X3,-1,"۲۰,۵۳۰,۰۰۰"
293,هدفون مخصوص بازی بلوتوثی لنوو مدل Think Plus XT (85),۳.۸,"۵۱۵,۰۰۰"
294,هدفون بلوتوثی انکر مدل Life P2i,-1,"۱,۲۳۹,۰۰۰"
295,هدفون بلوتوثی تسکو مدل TH 5381,۳.۸,"۳۰۵,۰۰۰"
296,هدفون بلوتوثی کیو سی وای مدل M18,۲.۶,"۶۲۹,۰۵۰"
297,هدفون بلوتوثی تسکو مدل TH5332,۴.۶,"۹۲۷,۰۰۰"
298,هدفون بلوتوثی مدل Galaxy Buds 2 2022,۳.۸,"۱,۷۰۰,۰۰۰"
299,هدفون بلوتوثی هوآوی مدل EMD FreeLace CM70-C Bluetooth 5.0 Earphone,۴.۳,"۱,۰۳۵,۰۰۰"
300,هدفون بلوتوثی بی سیم مدل Powerbeats Pro II,۳.۸,"۶۳۰,۰۰۰"
301,هدفون بلوتوثی لیتو مدل L-6,۴.۲,"۶۰۰,۰۰۰"
302,هدفون بلوتوثی باسئوس مدل Encok-WM01,۴.۳,"۵۲۷,۵۰۰"
303,هدفون بلوتوثی هوآوی مدل CM70-C,۴.۵,"۱,۰۳۵,۰۰۰"
304,هدفون بلوتوثی طرح گربه ای مدل KT-59,-1,"۶۷۲,۰۰۰"
305,هدفون بلوتوثی مدل Q32,۴,"۳۷۵,۰۰۰"
306,هدفون بلوتوثی کیو سی وای مدل T17s,۴,"۶۹۰,۰۰۰"
307,هدفون بلوتوثی باسئوس مدل ZHE BOWIE H1 NEUTRAL 2022,-1,"۲,۰۹۴,۴۰۰"
308,هدفون بلوتوثی ریمکس مدل RB-S6 V5.0,۳.۹,"۶۵۰,۰۰۰"
309,هدست بلوتوثی نوکیا مدل E1502,۴.۵,"۶۸۰,۰۰۰"
310,هدفون بلوتوثی نوکیا مدل E3511,۳.۴,"۱,۷۶۲,۵۱۰"
311,هدفون بلوتوثی طرح گربه ای مدل KT-59 MICKY,-1,"۶۷۲,۰۰۰"
312,هدفون بلوتوثی مدل airpods pro,۲.۶,"۵۹۹,۰۰۰"
313,هدفون بلوتوثی مدل ایرپاد pro,-1,"۵۷۷,۰۰۰"
314,هدفون بلوتوثی هوآوی مدل FreeLace,۴,"۱,۰۳۵,۰۰۰"
315,هدفون مخصوص بازی بلوتوثی هایلو مدل HAM W1 EARBUDS,۵,"۱,۴۲۸,۰۰۰"
316,هدفون بلوتوثی مدل AirPods Pro Anc high,۳.۲,"۴۱۹,۰۰۰"
317,هدفون بلوتوثی شیائومی مدل SEP BUDS 3 LITE TWS HEADPOHONE,۵,"۱,۵۸۵,۹۸۰"
318,هدفون بلوتوثی مدل AirPods Pro,۳.۴,"۴۸۹,۰۰۰"
319,هدفون بلوتوثی مدل Airpods Pro 2021,۳.۴,"۴۹۰,۰۰۰"
320,هدفون بلوتوثی شیائومی مدل SEP BUDS 3 LITE TWS HEADPOHONE,۵,"۱,۵۸۵,۹۸۰"
321,هدفون بلوتوثی نوکیا مدل E3511,۳.۴,"۱,۷۶۲,۵۱۰"
322,هدفون بلوتوثی ریمکس مدل RB-S6 V5.0,۳.۹,"۶۵۰,۰۰۰"
323,هدفون بلوتوثی طرح گربه ای مدل KT-59 MICKY,-1,"۶۷۲,۰۰۰"
324,هدفون بلوتوثی مدل ایرپاد pro,-1,"۵۷۷,۰۰۰"
325,هدفون بلوتوثی هوآوی مدل FreeLace,۴,"۱,۰۳۵,۰۰۰"
326,هدست مخصوص بازی بلوتوثی اونیکوما مدل T23,۴,"۶۱۰,۰۰۰"
327,هدست بلوتوثی مدل AirPods Pro,۱.۲,"۴۸۴,۰۰۰"
328,هدفون بلوتوثی مدل KJ10,۲.۹,"۲۴۹,۵۰۰"
329,هدست بلوتوثی هوکو مدل EW03 PLUS,-1,"۹۱۵,۰۰۰"
330,هدفون مخصوص بازی بلوتوثی هایلو مدل HAM W1 EARBUDS,۵,"۱,۴۲۸,۰۰۰"
331,هدفون بلوتوثی لنوو مدل XT91 2021,۳.۹,"۴۵۷,۰۰۰"
332,هدست بلوتوثی مدل Air Pods Pro,-1,"۶۴۵,۰۰۰"
333,هدست بلوتوثی هایلو مدل YAM GAMING W1 EARBUDSNEW,-1,"۱,۲۹۷,۰۰۰"
334,هدست بلوتوثی مدل Airpods pro A2084,۵,"۴۶۴,۰۰۰"
335,هدفون بلوتوثی ریمکس مدل RB- 700HB,۳,"۸۲۷,۶۴۰"
336,هدست بلوتوثی مدل AirPods Pro,۳.۵,"۴۰۰,۰۰۰"
337,هدفون بلوتوثی مدل P9,۳.۴,"۲۴۰,۰۰۰"
338,هدفون بلوتوثی مدل PRO12,۱.۲,"۱۹۲,۰۰۰"
339,هدست بلوتوثی آکی مدل EP-B52 V2,۴.۵,"۱,۳۶۲,۷۶۰"
340,هدفون بلوتوثی لیتو مدل L1,۴,"۶۵۰,۰۰۰"
341,هدفون بلوتوثی لنوو مدل HT06,-1,"۳۴۵,۰۰۰"
342,هدفون بلوتوثی لنوو مدل SAE Lods LP1S ss Blueh,۳.۹,"۴۳۵,۰۰۰"
343,هدفون بلوتوثی سودو مدل MH13,۳.۹,"۵۳۵,۰۰۰"
344,هدست مخصوص بازی بلوتوثی جی بی ال مدل FAR SPDJR Tune 205 BT,-1,"۹۴۰,۰۰۰"
345,هدفون بلوتوثی میفا مدل x181,۳.۳,"۸۴۵,۰۰۰"
346,هدفون بلوتوثی آرسون مدل TWS-T9S,۳.۹,"۳۴۹,۰۰۰"
347,هدفون بلوتوثی مدل F9-43,۳.۶,"۴۸۴,۵۰۰"
348,هدست بلوتوثی هایلو مدل DEH RANGE HIGH GT6 2020,-1,"۶۷۰,۰۰۰"
349,هدفون بلوتوثی هوکو مدل ES51,۴.۵,"۳۹۰,۰۰۰"
350,هدفون بلوتوثی مدل MS7,۳.۵,"۷۹,۶۱۰"
351,هدفون بلوتوثی فیلیپس مدل TAH 4205,۲.۵,"۲,۸۰۰,۰۰۰"
352,هدست بلوتوثی مدل AirPods Pro,۱.۲,"۴۸۴,۰۰۰"
353,هدفون بلوتوثی مدل KJ10,۲.۹,"۲۴۹,۵۰۰"
354,هدست بلوتوثی انکر مدل SoundCore Life 2 Neo,۴.۸,"۲,۴۸۵,۰۰۰"
355,هدست بلوتوثی هوکو مدل EW03 PLUS,-1,"۹۱۵,۰۰۰"
356,هدست بلوتوثی مدل AirPods Pro,۴.۵,"۳۹۹,۰۰۰"
357,هدفون مخصوص بازی بلوتوثی لنوو مدل ES204,۲.۸,"۱۵۰,۰۰۰"
358,هدفون بلوتوثی لنوو مدل XT91 2021,۳.۹,"۴۵۷,۰۰۰"
359,هدفون بلوتوثی پرووان مدل Mirra Series,۴.۱,"۶۵۷,۰۰۰"
360,هدست بلوتوثی او ام تینگ مدل MOH Airfree EO002BT TWS 4 ENC Mic,۱,"۱,۰۹۹,۹۹۰"
361,هدفون بلوتوثی پرووان مدل Mirra Series,۴.۱,"۶۵۷,۰۰۰"
362,هدفون بلوتوثی یوسمز مدل YX05,۴.۷,"۱,۱۳۹,۰۰۰"
363,هدست بلوتوثی هوکو مدل EW10,-1,"۱,۱۰۰,۰۰۰"
364,هدست بلوتوثی اچ‌پی مدل H1WPRO,۵,"۵۹۹,۰۰۰"
365,هدست بلوتوثی مدل AirPods Pro,۴.۵,"۳۹۹,۰۰۰"
366,هدفون بلوتوثی مدل yx-39,۳.۵,"۱۸۰,۰۰۰"
367,هدست بلوتوثی مدل Airpods pro A2084,۵,"۴۶۴,۰۰۰"
368,هدفون بلوتوثی لیتو مدل L-20,-1,"۸۸۴,۰۰۰"
369,هدست بلوتوثی اودلوپس مدل T15,۵,"۵۸۰,۰۰۰"
370,هدفون بلوتوثی باسئوس مدل NAS SIMU S2 5.0 TWS wireless Bluetooth earphones,-1,"۲,۰۵۰,۰۰۰"
371,هدست بلوتوثی ایکس پی-پروداکت مدل HS922F,-1,"۲۱۱,۰۰۰"
372,هدفون بلوتوثی مدل Airpods Pro,۳.۴,"۴۸۷,۰۰۰"
373,هدست بلوتوثی اوی مدل TI7,۲.۸,"۴۹۹,۰۰۰"
374,هدست بلوتوثی نوکیا مدل E1200 FOLDABLE,۵,"۱,۸۵۰,۰۰۰"
375,هدفون مخصوص بازی بلوتوثی باسئوس مدل MAH WM01 ENCOK,۲.۵,"۵۸۰,۰۰۰"
376,هدفون بلوتوثی مدل TWS-T11,-1,"۳۳۰,۰۰۰"
377,هدست بلوتوثی سندم مدل E86,۴,"۲۲۰,۰۰۰"
378,هدست بلوتوثی ریمکس مدل TWS-33,۳,"۱,۹۰۰,۰۰۰"
379,هدست بلوتوثی مدل MJ-E9S,۵,"۱۴۳,۰۰۰"
380,هدست مخصوص بازی بلوتوثی لنوو مدل FAN Lenovo LP6 True Wireless BT Headphones E-sport Gaming,-1,"۱,۶۰۰,۰۰۰"
381,هدفون بلوتوثی مدل Airpods Pro,۳.۴,"۴۸۷,۰۰۰"
382,هدست بلوتوثی آرسون مدل B7,۳.۹,"۵۹۹,۰۰۰"
383,هدست بلوتوثی اودلوپس مدل T15,۵,"۵۸۰,۰۰۰"
384,هدست بلوتوثی لیتو مدل L-5,۳,"۶۶۲,۵۰۰"
385,هدفون مخصوص بازی بلوتوثی ریمکس مدل TWS-32,۳,"۷۷۰,۰۰۰"
386,هدفون بلوتوثی فون مهلن مدل Concert One,-1,"۵,۰۰۰,۰۰۰"
387,هدست بلوتوثی مدل P9-950BT,۳.۴,"۲۴۰,۰۰۰"
388,هدست بلوتوثی جی بی ال مدل QUANTUM 600,-1,"۴,۷۰۰,۰۰۰"
389,هدست بلوتوثی اوی مدل TI7,۲.۸,"۴۹۹,۰۰۰"
390,هدفون بلوتوثی وان مور مدل JP-AB PISTON FIT E1028,۴.۳,"۱,۰۳۵,۰۰۰"
391,هدفون بلوتوثی لنوو مدل RAG EARHOOK GLOBAL GM5 POWER PLANT,-1,"۷۴۰,۰۰۰"
392,هدفون بلوتوثی آکی مدل EP-B40S,۴.۲,"۸۹۰,۰۰۰"
393,هدست بلوتوثی مدل MJ-E9S,۵,"۱۴۳,۰۰۰"
394,هدفون بلوتوثی ای استار مدل m6,۳.۳,"۷۶۵,۶۰۰"
395,هدفون بلوتوثی ریمکس مدل TWS-29,۱,"۷۹۰,۲۰۰"
396,هدست بلوتوثی سندم مدل E86,۴,"۲۲۰,۰۰۰"
397,هدفون بلوتوثی لنوو مدل ham melobuds ht18 head seet,-1,"۱,۴۴۴,۴۷۰"
398,هدست بلوتوثی مدل TWS-S700,۳.۸,"۵۷۰,۰۰۰"
399,هدست مخصوص بازی بلوتوثی باسئوس مدل SEP W04 ENCOK NGTW030101 NER,-1,"۱,۱۰۰,۰۰۰"
400,هدست بلوتوثی سندم مدل E86,۴,"۲۲۰,۰۰۰"
401,هدفون بلوتوثی ادیفایر مدل TWS 200 Plus,۴,"۱,۵۰۰,۰۰۰"
402,هدفون بلوتوثی لنوو مدل ham melobuds ht18 head seet,-1,"۱,۴۴۴,۴۷۰"
403,هدست بلوتوثی مدل TWS-S700,۳.۸,"۵۷۰,۰۰۰"
404,هدست بلوتوثی مدل P9 Plus,۴,"۳۰۰,۰۰۰"
405,هدست مخصوص بازی بلوتوثی لنوو مدل NAS HEADPHONE HT18 TRUE WIRLESS,-1,"۱,۱۱۲,۳۶۰"
406,هدست مخصوص بازی بلوتوثی باسئوس مدل SEP W04 ENCOK NGTW030101 NER,-1,"۱,۱۰۰,۰۰۰"
407,هدست بلوتوثی لنوو مدل ASU WIRLESS LP1S GLOBAL BUDS,-1,"۶۱۰,۴۸۰"
408,هدفون بلوتوثی وریتی مدل V-H34BT,-1,"۴۴۵,۰۰۰"
409,هدفون بلوتوثی مدل P36,۴.۱,"۲۴۸,۷۰۰"
410,هدست بلوتوثی ادیفایر مدل W860NB,۴,"۴,۲۵۰,۰۰۰"
411,هدست بلوتوثی کیسونگ مدل GYM-KTl886,۳,"۴۹۹,۰۰۰"
412,هدست بلوتوثی مدل HMB-18,۳.۳,"۲۱۵,۰۰۰"
413,هدست بلوتوثی لاجیتک مدل ZONE WIRELESS,۴,"۴,۷۷۵,۰۰۰"
414,هدست بلوتوثی لنوو مدل HAM HD800 Bluetooth Headset Wireless,۴,"۱,۴۹۰,۰۰۰"
415,هدفون بلوتوثی مدل Y10,-1,"۵۹۰,۰۰۰"
416,هدفون بلوتوثی ریمکس مدل TWS-28,۵,"۱,۲۰۰,۰۰۰"
417,هدست بلوتوثی کول کلد مدل MH100,-1,"۹۸۸,۰۰۰"
418,هدست بلوتوثی آیتل مدل IEB-32,۴.۳,"۲۹۰,۰۰۰"
419,هدفون بلوتوثی ارلدام مدل BH51,۴,"۳۳۵,۰۰۰"
420,هدست بلوتوثی لنوو مدل NRE BLUETOOTH HT18 ENC,-1,"۱,۳۲۳,۴۳۰"
421,هدست بلوتوثی کول کلد مدل MH100,-1,"۹۸۸,۰۰۰"
422,هدست بلوتوثی مدل TWS-S700,۳.۸,"۵۷۰,۰۰۰"
423,هدفون بلوتوثی جینای مدل TWS15 Pro,-1,"۱,۴۸۰,۰۰۰"
424,هدفون بلوتوثی لنوو مدل BAK MELOBUDS LP1S ANC GLOBAL,-1,"۱,۲۶۳,۱۵۰"
425,هدست مخصوص بازی بلوتوثی باسئوس مدل SEP W04 ENCOK NGTW030101 NER,-1,"۱,۱۰۰,۰۰۰"
426,هدفون بلوتوثی ارلدام مدل BH51,۴,"۳۳۵,۰۰۰"
427,هدست بلوتوثی لنوو مدل EFM LP11 ALQ,-1,"۷۵۰,۰۰۰"
428,هدست بلوتوثی اپی مکس مدل EH 55,۵,"۶۱۵,۰۰۰"
429,هدفون بلوتوثی مدل BHJBL VJ071,-1,"۶۹۵,۰۰۰"
430,هدست بلوتوثی مدل TWS-S800,۳,"۵۹۸,۰۰۰"
431,هدفون بلوتوثی مدل F9-5,۳.۹,"۴۷۰,۰۰۰"
432,هدست مخصوص بازی بلوتوثی لنوو مدل LP6,-1,"۹۸۰,۰۰۰"
433,هدفون بلوتوثی وایسون مدل TWS-T5,-1,"۷۰۰,۰۰۰"
434,هدست بلوتوثی مدل HMB-18,۳.۳,"۲۱۵,۰۰۰"
435,چشم بند بلوتوثی مدل OMG09,۳.۳,"۳۸۰,۰۰۰"
436,هدفون بلوتوثی مدل Y10,-1,"۵۹۰,۰۰۰"
437,هدفون بلوتوثی ریمکس مدل RB-620HB,۵,"۱,۳۳۰,۰۰۰"
438,هدست بلوتوثی باسئوس مدل SEP NGTW120001 TWS E9 Headphones,-1,"۲,۱۷۸,۴۹۰"
439,هدست مخصوص بازی بلوتوثی لنوو مدل X3,۲,"۹۶۰,۰۰۰"
440,هدفون بلوتوثی لنوو مدل ZRE FAST PAIR LP60 FREEBUDS 2021,-1,"۱,۵۴۹,۴۹۰"
441,هدست بلوتوثی مدل AK68O,۴.۲,"۲۹۹,۰۰۰"
442,هدست مخصوص بازی بلوتوثی لنوو مدل EMD LP6 Game Headset BT5.0 Wireless Earphones,-1,"۱,۲۵۰,۰۰۰"
443,هدفون بلوتوثی شیائومی مدل MARY EARPHONE NACKBAND BASIC 2021 KGF,۵,"۱,۵۴۱,۵۴۰"
444,هدست مخصوص بازی بلوتوثی جووی مدل EMD H112 AIRPADS NER2022,-1,"۳,۷۰۰,۰۰۰"
445,هدست مخصوص بازی بلوتوثی لنوو مدل X3,۲,"۹۶۰,۰۰۰"
446,هدست بلوتوثی مدل P8,-1,"۳۳۳,۷۰۰"
447,هدفون مخصوص بازی بلوتوثی لنوو مدل MOB XG02 Wireless BT5.0 Gaming Earbuds - Techden,-1,"۹۵۰,۰۰۰"
448,هدفون بلوتوثی باسئوس مدل OLA 2021 W04 PRO ANC,-1,"۲,۲۵۵,۸۶۰"
449,هدفون مخصوص بازی بلوتوثی لنوو مدل RZA EARBUDS GLOBAL LP1S POWER FULL,-1,"۱,۰۸۲,۵۹۰"
450,هدست مخصوص بازی بلوتوثی باسئوس مدل EMD Bowie E9 TWS Earphones NGTW120001 Wireless Headphones,-1,"۲,۱۵۰,۰۰۰"
451,هدست بلوتوثی لنوو مدل SAE Lenovo HD800 Bluetooth Headphone,۴,"۱,۴۹۰,۰۰۰"
452,هدست بلوتوثی باسئوس مدل SEP NGTW120001 TWS E9 Headphones,-1,"۲,۱۷۸,۴۹۰"
453,هدست بلوتوثی باسئوس مدل EMA STORM1 MELOBUDS B2022,-1,"۳,۲۱۰,۰۰۰"
454,هدفون بلوتوثی ساندپیتز مدل Force pro,-1,"۱,۸۳۰,۰۰۰"
455,هدفون بلوتوثی شیائومی مدل ham earbuds neckband basic true,-1,"۱,۶۴۳,۱۲۰"
456,هدفون بلوتوثی مدل Sleep Headband BT,-1,"۱,۱۱۹,۰۰۰"
457,هدفون بلوتوثی اینکاکس مدل HP-07,۳.۹,"۲۸۹,۰۰۰"
458,هدست بلوتوثی فیلیپس مدل Fresh Tones SHB 5250,۳,"۱,۱۱۹,۰۰۰"
459,هدفون بلوتوثی او ام تینگ مدل MOB TWS In-ear Headpho-nes EO002 BT V5.0 Touch Control Stereo Bass ENC Noise Cancellation,-1,"۱,۳۶۸,۴۶۰"
460,هدست مخصوص بازی بلوتوثی جووی مدل EMD H112 AIRPADS NER2022,-1,"۳,۷۰۰,۰۰۰"
461,هدفون مخصوص بازی بلوتوثی جووی مدل H183,-1,"۱,۶۵۰,۰۰۰"
462,هدست بلوتوثی مدل T23,-1,"۶۲۰,۰۰۰"
463,هدفون بلوتوثی مدل BT.03S,۴.۹,"۳۰۸,۷۰۰"
464,هدفون مخصوص بازی بلوتوثی لنوو مدل BAK EARPHONE LP6 REDUCTION 2022 GLOBAL,-1,"۲,۰۰۰,۰۰۰"
465,هدست مخصوص بازی بلوتوثی باسئوس مدل EMA STORM3 ACTIVE SBC 2022,-1,"۲,۸۴۱,۲۵۰"
466,هدست بلوتوثی پرودو مدل PD-X1008WLH,۴.۲,"۶۴۳,۵۲۰"
467,هدفون بلوتوثی لنوو مدل MRE LP1S WIERLESS DSP,-1,"۱,۰۸۲,۵۹۰"
468,هدست بلوتوثی فیلیپس مدل Fresh Tones SHB 5250,۳,"۱,۱۱۹,۰۰۰"
469,هدفون بلوتوثی او ام تینگ مدل MOB TWS In-ear Headpho-nes EO002 BT V5.0 Touch Control Stereo Bass ENC Noise Cancellation,-1,"۱,۳۶۸,۴۶۰"
470,هدست مخصوص بازی بلوتوثی اکسا مدل E3,۳.۷,"۷۲۰,۰۰۰"
471,هدفون بلوتوثی رپو مدل S120,-1,"۶۴۰,۰۰۰"
472,هدست بلوتوثی آکو مدل AH-200,-1,"۱,۵۰۰,۰۰۰"
473,هدفون بلوتوثی جووی مدل MEH H31 DO NEW,-1,"۱,۸۵۰,۰۰۰"
474,هدست بلوتوثی اپی مکس مدل EH 66,-1,"۸۲۵,۰۰۰"
475,هدست بلوتوثی مدل stereo,-1,"۱۳۹,۰۰۰"
476,هدفون بلوتوثی لنوو مدل MA REDMI LP6 IPTX,-1,"۱,۵۰۰,۰۰۰"
477,هدست بلوتوثی اولنگ مدل MX777,۳.۸,"۲۹۵,۰۰۰"
478,هدست بلوتوثی لنوو مدل NRE HEADPHONE HD800 OVER-EAR 2022,-1,"۱,۴۹۰,۰۰۰"
479,هدفون بلوتوثی اکسون مدل E-S110,-1,"۲۹۹,۰۰۰"
480,هدست بلوتوثی مدل T23,-1,"۶۲۰,۰۰۰"
481,هدفون بلوتوثی لنوو مدل NAS EARBUDS LP60 TWS WIRLEES,-1,"۱,۹۰۰,۰۰۰"
482,هدست مخصوص بازی بلوتوثی باسئوس مدل EMA STORM3 ACTIVE SBC 2022,-1,"۲,۸۴۱,۲۵۰"
483,هدفون مخصوص بازی بلوتوثی باسئوس مدل ANS EARBUDS BOWIE E9 ANC 2022,-1,"۲,۳۳۶,۷۵۰"
484,هدست بلوتوثی یوسمز مدل US-IA04s,-1,"۱,۰۱۵,۰۰۰"
485,هدفون بلوتوثی لنوو مدل MAH HI-FI LP1S HANDS FREE,-1,"۱,۲۰۰,۰۰۰"
486,هدفون بلوتوثی لنوو مدل SHO HEAD SEET XT85 HI-FI,-1,"۸۸۰,۰۰۰"
487,هدست مخصوص بازی بلوتوثی فنتک مدل TX-1 PRO MITHRIL,۲,"۱,۹۷۵,۰۰۰"
488,هدست مخصوص بازی بلوتوثی جووی مدل H163,-1,"۱,۶۵۰,۰۰۰"
489,هدفون بلوتوثی لنوو مدل SAE Audífonos In-Ear Inalámbricos Lenovo LP11 Tws-Negro,۳,"۸۸۰,۰۰۰"
490,هدفون بلوتوثی مدل LS-218,۴.۱,"۴۲۰,۰۰۰"
491,هدست مخصوص بازی بلوتوثی او ام تینگ مدل MAH Air free lace,-1,"۶۴۹,۷۰۰"
492,هدست مخصوص بازی بلوتوثی جووی مدل FAT H31 QAZ,۵,"۲,۱۰۰,۰۰۰"
493,هدست بلوتوثی باسئوس مدل MEH S2 EARPHONE SIMU Bluetooth,-1,"۲,۱۵۰,۰۰۰"
494,هدفون بلوتوثی مدل Redmi AirDots J061LS,۲.۷,"۳۹۰,۰۰۰"
495,هدست بلوتوثی باسئوس مدل SP baseus simu s1 pro,-1,"۱,۸۵۰,۰۰۰"
496,هدست مخصوص بازی بلوتوثی فنتک مدل WH01,-1,"۲,۶۲۳,۰۰۰"
497,هدفون بلوتوثی هویت مدل i39,۴,"۴۱۰,۰۰۰"
498,هدفون بلوتوثی جووی مدل EFM 163 KHL,-1,"۱,۱۵۰,۰۰۰"
499,هدست مخصوص بازی بلوتوثی لنوو مدل HSE NEW LP6 GAMING,-1,"۱,۶۰۰,۰۰۰"
500,None,-1,-1
501,None,-1,-1
502,None,-1,-1
503,None,-1,-1
504,None,-1,-1
505,None,-1,-1
506,None,-1,-1
507,None,-1,-1
508,None,-1,-1
509,None,-1,-1
510,None,-1,-1
511,None,-1,-1
512,None,-1,-1
513,None,-1,-1
514,None,-1,-1
515,None,-1,-1
516,None,-1,-1
517,None,-1,-1
518,None,-1,-1
519,None,-1,-1
520,هدست مخصوص بازی بلوتوثی لنوو مدل MEH EARPHONE LP1S ANC,-1,"۱,۳۷۰,۰۰۰"
521,هدفون بلوتوثی موکسوم مدل MX-WL05,۴.۲,"۷۱۹,۰۰۰"
522,هدست بلوتوثی بروفون مدل BW03,۴,"۱,۱۴۰,۰۰۰"
523,هدفون بلوتوثی لنوو مدل HSE XT85 HIGH QUALITY,-1,"۱,۳۰۰,۰۰۰"
524,هدفون مخصوص بازی بلوتوثی اوی مدل T29,-1,"۱,۹۰۰,۰۰۰"
525,هدفون بلوتوثی اوی مدل YAM AWEI T29 Bluetooth-compatible Earphone True Wireless,-1,"۲,۳۰۰,۰۰۰"
526,هدست بلوتوثی فوننک مدل BL30,۳.۹,"۳۹۰,۰۰۰"
